conferenceAbbrev,conferenceHomeSequence,conferenceL10Sequence,conferenceName,conferenceRoadSequence,conferenceSequence,date,divisionAbbrev,divisionHomeSequence,divisionL10Sequence,divisionName,divisionRoadSequence,divisionSequence,gameTypeId,gamesPlayed,goalDifferential,goalDifferentialPctg,goalAgainst,goalFor,goalsForPctg,homeGamesPlayed,homeGoalDifferential,homeGoalsAgainst,homeGoalsFor,homeLosses,homeOtLosses,homePoints,homeRegulationPlusOtWins,homeRegulationWins,homeTies,homeWins,l10GamesPlayed,l10GoalDifferential,l10GoalsAgainst,l10GoalsFor,l10Losses,l10OtLosses,l10Points,l10RegulationPlusOtWins,l10RegulationWins,l10Ties,l10Wins,leagueHomeSequence,leagueL10Sequence,leagueRoadSequence,leagueSequence,losses,otLosses,placeName,pointPctg,points,regulationPlusOtWinPctg,regulationPlusOtWins,regulationWinPctg,regulationWins,roadGamesPlayed,roadGoalDifferential,roadGoalsAgainst,roadGoalsFor,roadLosses,roadOtLosses,roadPoints,roadRegulationPlusOtWins,roadRegulationWins,roadTies,roadWins,seasonId,shootoutLosses,shootoutWins,streakCode,streakCount,teamName,teamCommonName,teamAbbrev,teamLogo,teamLogoDark,ties,waiversSequence,wildcardSequence,winPctg,wins
W,3,1,Western,2,1,2026-10-04,P,2,1,Pacific,1,1,2,3,3,1.0,14,17,5.666667,2,1,7,8,0,1,3,1,1,0,1,3,3,14,17,0,1,5,2,2,0,2,3,1,5,1,0,1,{'default': 'Edmonton'},0.833333,5,0.666667,2,0.666667,2,1,2,7,9,0,0,2,1,1,0,1,20262027,0,0,W,2,"{'default': 'Edmonton Oilers', 'fr': ""Oilers d'Edmonton""}",{'default': 'Oilers'},{'default': 'EDM'},https://assets.nhle.com/logos/nhl/svg/EDM_light.svg,https://assets.nhle.com/logos/nhl/svg/EDM_dark.svg,0,25,0,0.666667,2
W,1,2,Western,10,2,2026-10-04,C,1,1,Central,5,1,2,2,9,4.5,5,14,7.0,2,9,5,14,0,0,4,2,2,0,2,2,9,5,14,0,0,4,2,2,0,2,1,2,19,2,0,0,{'default': 'Colorado'},1.0,4,1.0,2,1.0,2,0,0,0,0,0,0,0,0,0,0,0,20262027,0,0,W,2,"{'default': 'Colorado Avalanche', 'fr': 'Avalanche du Colorado'}",{'default': 'Avalanche'},{'default': 'COL'},https://assets.nhle.com/logos/nhl/svg/COL_light.svg,https://assets.nhle.com/logos/nhl/svg/COL_dark.svg,0,32,0,1.0,2
W,4,3,Western,1,3,2026-10-04,C,2,2,Central,1,2,2,2,9,4.5,1,10,5.0,1,6,0,6,0,0,2,1,1,0,1,2,9,1,10,0,0,4,2,2,0,2,5,3,4,3,0,0,{'default': 'Utah'},1.0,4,1.0,2,1.0,2,1,3,1,4,0,0,2,1,1,0,1,20262027,0,0,W,2,"{'default': 'Utah Mammoth', 'fr': ""Mammoth de l'Utah""}",{'default': 'Mammoth'},{'default': 'UTA'},https://assets.nhle.com/logos/nhl/svg/UTA_light.svg,https://assets.nhle.com/logos/nhl/svg/UTA_dark.svg,0,31,0,1.0,2
W,5,4,Western,3,4,2026-10-04,C,3,3,Central,2,3,2,2,5,2.5,2,7,3.5,1,3,1,4,0,0,2,1,1,0,1,2,5,2,7,0,0,4,2,2,0,2,7,4,6,4,0,0,{'default': 'Minnesota'},1.0,4,1.0,2,1.0,2,1,2,1,3,0,0,2,1,1,0,1,20262027,0,0,W,2,"{'default': 'Minnesota Wild', 'fr': 'Wild du Minnesota'}",{'default': 'Wild'},{'default': 'MIN'},https://assets.nhle.com/logos/nhl/svg/MIN_light.svg,https://assets.nhle.com/logos/nhl/svg/MIN_dark.svg,0,30,0,1.0,2
E,6,1,Eastern,3,1,2026-10-04,M,3,1,Metropolitan,1,1,2,2,8,4.0,5,13,6.5,1,1,5,6,0,0,2,1,0,0,1,2,8,5,13,0,0,4,2,1,0,2,11,5,3,5,0,0,{'default': 'Pittsburgh'},1.0,4,1.0,2,0.5,1,1,7,0,7,0,0,2,1,1,0,1,20262027,0,0,W,2,"{'default': 'Pittsburgh Penguins', 'fr': 'Penguins de Pittsburgh'}",{'default': 'Penguins'},{'default': 'PIT'},https://assets.nhle.com/logos/nhl/svg/PIT_light.svg,https://assets.nhle.com/logos/nhl/svg/PIT_dark.svg,0,27,0,1.0,2
W,2,5,Western,12,5,2026-10-04,P,1,2,Pacific,6,2,2,2,2,1.0,7,9,4.5,2,2,7,9,0,0,4,2,0,0,2,2,2,7,9,0,0,4,2,0,0,2,2,6,23,6,0,0,{'default': 'San Jose'},1.0,4,1.0,2,0.0,0,0,0,0,0,0,0,0,0,0,0,0,20262027,0,0,W,2,"{'default': 'San Jose Sharks', 'fr': 'Sharks de San Jose'}",{'default': 'Sharks'},{'default': 'SJS'},https://assets.nhle.com/logos/nhl/svg/SJS_light.svg,https://assets.nhle.com/logos/nhl/svg/SJS_dark.svg,0,26,0,1.0,2
E,2,2,Eastern,7,2,2026-10-04,M,2,2,Metropolitan,4,2,2,3,3,1.0,4,7,2.333333,1,4,1,5,0,0,2,1,1,0,1,3,3,4,7,1,0,4,2,2,0,2,6,7,15,7,1,0,{'default': 'NY Rangers'},0.666667,4,0.666667,2,0.666667,2,2,-1,3,2,1,0,2,1,1,0,1,20262027,0,0,W,2,"{'default': 'New York Rangers', 'fr': 'Rangers de New York'}",{'default': 'Rangers'},{'default': 'NYR'},https://assets.nhle.com/logos/nhl/svg/NYR_light.svg,https://assets.nhle.com/logos/nhl/svg/NYR_dark.svg,0,21,0,0.666667,2
W,7,6,Western,6,6,2026-10-04,P,4,3,Pacific,3,3,2,3,2,0.666667,15,17,5.666667,2,1,10,11,1,0,2,1,1,0,1,3,2,15,17,1,0,4,2,1,0,2,14,8,10,8,1,0,{'default': 'Vancouver'},0.666667,4,0.666667,2,0.333333,1,1,1,5,6,0,0,2,1,0,0,1,20262027,0,0,W,1,"{'default': 'Vancouver Canucks', 'fr': 'Canucks de Vancouver'}",{'default': 'Canucks'},{'default': 'VAN'},https://assets.nhle.com/logos/nhl/svg/VAN_light.svg,https://assets.nhle.com/logos/nhl/svg/VAN_dark.svg,0,20,0,0.666667,2
E,3,3,Eastern,8,3,2026-10-04,A,1,1,Atlantic,4,1,2,3,1,0.333333,7,8,2.666667,1,3,0,3,0,0,2,1,1,0,1,3,1,7,8,1,0,4,2,1,0,2,8,9,16,9,1,0,{'default': 'Boston'},0.666667,4,0.666667,2,0.333333,1,2,-2,7,5,1,0,2,1,0,0,1,20262027,0,0,L,1,"{'default': 'Boston Bruins', 'fr': 'Bruins de Boston'}",{'default': 'Bruins'},{'default': 'BOS'},https://assets.nhle.com/logos/nhl/svg/BOS_light.svg,https://assets.nhle.com/logos/nhl/svg/BOS_dark.svg,0,19,0,0.666667,2
E,13,4,Eastern,1,4,2026-10-04,A,6,2,Atlantic,1,2,2,2,0,0.0,8,8,4.0,0,0,0,0,0,0,0,0,0,0,0,2,0,8,8,0,1,3,1,1,0,1,25,10,1,10,0,1,{'default': 'Montréal'},0.75,3,0.5,1,0.5,1,2,0,8,8,0,1,3,1,1,0,1,20262027,0,0,OT,1,"{'default': 'Montréal Canadiens', 'fr': 'Canadiens de Montréal'}",{'default': 'Canadiens'},{'default': 'MTL'},https://assets.nhle.com/logos/nhl/svg/MTL_light.svg,https://assets.nhle.com/logos/nhl/svg/MTL_dark.svg,0,24,0,0.5,1
W,9,7,Western,5,7,2026-10-04,C,5,4,Central,3,4,2,2,0,0.0,6,6,3.0,1,-1,4,3,0,1,1,0,0,0,0,2,0,6,6,0,1,3,1,1,0,1,18,11,9,11,0,1,{'default': 'Winnipeg'},0.75,3,0.5,1,0.5,1,1,1,2,3,0,0,2,1,1,0,1,20262027,0,0,W,1,"{'default': 'Winnipeg Jets', 'fr': 'Jets de Winnipeg'}",{'default': 'Jets'},{'default': 'WPG'},https://assets.nhle.com/logos/nhl/svg/WPG_light.svg,https://assets.nhle.com/logos/nhl/svg/WPG_dark.svg,0,23,1,0.5,1
E,12,5,Eastern,2,5,2026-10-04,A,5,3,Atlantic,2,3,2,2,0,0.0,4,4,2.0,0,0,0,0,0,0,0,0,0,0,0,2,0,4,4,0,1,3,1,0,0,1,23,12,2,12,0,1,"{'default': 'Florida', 'fr': 'Floride'}",0.75,3,0.5,1,0.0,0,2,0,4,4,0,1,3,1,0,0,1,20262027,0,0,OT,1,"{'default': 'Florida Panthers', 'fr': 'Panthers de la Floride'}",{'default': 'Panthers'},{'default': 'FLA'},https://assets.nhle.com/logos/nhl/svg/FLA_light.svg,https://assets.nhle.com/logos/nhl/svg/FLA_dark.svg,0,22,0,0.5,1
E,10,6,Eastern,5,6,2026-10-04,M,6,3,Metropolitan,2,3,2,3,-3,-1.0,8,5,1.666667,2,-4,6,2,1,1,1,0,0,0,0,3,-3,8,5,1,1,3,1,0,0,1,19,13,11,13,1,1,"{'default': 'Carolina', 'fr': 'Caroline'}",0.5,3,0.333333,1,0.0,0,1,1,2,3,0,0,2,1,0,0,1,20262027,0,0,W,1,"{'default': 'Carolina Hurricanes', 'fr': 'Hurricanes de la Caroline'}",{'default': 'Hurricanes'},{'default': 'CAR'},https://assets.nhle.com/logos/nhl/svg/CAR_light.svg,https://assets.nhle.com/logos/nhl/svg/CAR_dark.svg,0,8,0,0.333333,1
W,10,8,Western,4,8,2026-10-04,P,5,4,Pacific,2,4,2,1,1,1.0,3,4,4.0,0,0,0,0,0,0,0,0,0,0,0,1,1,3,4,0,0,2,1,1,0,1,21,14,7,14,0,0,{'default': 'Anaheim'},1.0,2,1.0,1,1.0,1,1,1,3,4,0,0,2,1,1,0,1,20262027,0,0,W,1,"{'default': 'Anaheim Ducks', 'fr': ""Ducks d'Anaheim""}",{'default': 'Ducks'},{'default': 'ANA'},https://assets.nhle.com/logos/nhl/svg/ANA_light.svg,https://assets.nhle.com/logos/nhl/svg/ANA_dark.svg,0,29,2,1.0,1
E,14,7,Eastern,4,7,2026-10-04,A,7,4,Atlantic,3,4,2,1,1,1.0,2,3,3.0,0,0,0,0,0,0,0,0,0,0,0,1,1,2,3,0,0,2,1,1,0,1,26,15,8,15,0,0,{'default': 'Ottawa'},1.0,2,1.0,1,1.0,1,1,1,2,3,0,0,2,1,1,0,1,20262027,0,0,W,1,"{'default': 'Ottawa Senators', 'fr': ""Sénateurs d'Ottawa""}","{'default': 'Senators', 'fr': 'Sénateurs'}",{'default': 'OTT'},https://assets.nhle.com/logos/nhl/svg/OTT_light.svg,https://assets.nhle.com/logos/nhl/svg/OTT_dark.svg,0,28,1,1.0,1
E,1,8,Eastern,13,8,2026-10-04,M,1,4,Metropolitan,7,4,2,2,5,2.5,2,7,3.5,1,6,0,6,0,0,2,1,1,0,1,2,5,2,7,1,0,2,1,1,0,1,4,16,27,16,1,0,{'default': 'NY Islanders'},0.5,2,0.5,1,0.5,1,1,-1,2,1,1,0,0,0,0,0,0,20262027,0,0,W,1,"{'default': 'New York Islanders', 'fr': 'Islanders de New York'}",{'default': 'Islanders'},{'default': 'NYI'},https://assets.nhle.com/logos/nhl/svg/NYI_light.svg,https://assets.nhle.com/logos/nhl/svg/NYI_dark.svg,0,18,2,0.5,1
W,13,9,Western,7,9,2026-10-04,P,7,5,Pacific,4,5,2,2,3,1.5,4,7,3.5,0,0,0,0,0,0,0,0,0,0,0,2,3,4,7,1,0,2,1,1,0,1,27,17,12,17,1,0,{'default': 'Seattle'},0.5,2,0.5,1,0.5,1,2,3,4,7,1,0,2,1,1,0,1,20262027,0,0,L,1,"{'default': 'Seattle Kraken', 'fr': 'Kraken de Seattle'}",{'default': 'Kraken'},{'default': 'SEA'},https://assets.nhle.com/logos/nhl/svg/SEA_light.svg,https://assets.nhle.com/logos/nhl/svg/SEA_dark.svg,0,17,3,0.5,1
W,6,10,Western,13,10,2026-10-04,P,3,6,Pacific,7,6,2,2,2,1.0,6,8,4.0,2,2,6,8,1,0,2,1,1,0,1,2,2,6,8,1,0,2,1,1,0,1,13,18,25,18,1,0,{'default': 'Vegas'},0.5,2,0.5,1,0.5,1,0,0,0,0,0,0,0,0,0,0,0,20262027,0,0,L,1,"{'default': 'Vegas Golden Knights', 'fr': 'Golden Knights de Vegas'}",{'default': 'Golden Knights'},{'default': 'VGK'},https://assets.nhle.com/logos/nhl/svg/VGK_light.svg,https://assets.nhle.com/logos/nhl/svg/VGK_dark.svg,0,16,4,0.5,1
E,15,9,Eastern,6,9,2026-10-04,M,8,5,Metropolitan,3,5,2,2,1,0.5,5,6,3.0,0,0,0,0,0,0,0,0,0,0,0,2,1,5,6,1,0,2,1,1,0,1,29,19,13,19,1,0,{'default': 'Washington'},0.5,2,0.5,1,0.5,1,2,1,5,6,1,0,2,1,1,0,1,20262027,0,0,L,1,"{'default': 'Washington Capitals', 'fr': 'Capitals de Washington'}",{'default': 'Capitals'},{'default': 'WSH'},https://assets.nhle.com/logos/nhl/svg/WSH_secondary_light.svg,https://assets.nhle.com/logos/nhl/svg/WSH_secondary_dark.svg,0,15,3,0.5,1
E,8,10,Eastern,10,10,2026-10-04,M,5,6,Metropolitan,6,6,2,2,0,0.0,7,7,3.5,2,0,7,7,1,0,2,1,1,0,1,2,0,7,7,1,0,2,1,1,0,1,15,20,20,20,1,0,{'default': 'Columbus'},0.5,2,0.5,1,0.5,1,0,0,0,0,0,0,0,0,0,0,0,20262027,0,0,L,1,"{'default': 'Columbus Blue Jackets', 'fr': 'Blue Jackets de Columbus'}",{'default': 'Blue Jackets'},{'default': 'CBJ'},https://assets.nhle.com/logos/nhl/svg/CBJ_light.svg,https://assets.nhle.com/logos/nhl/svg/CBJ_dark.svg,0,14,4,0.5,1
W,14,11,Western,8,11,2026-10-04,C,7,5,Central,4,5,2,2,-1,-0.5,6,5,2.5,0,0,0,0,0,0,0,0,0,0,0,2,-1,6,5,1,0,2,1,1,0,1,28,21,14,21,1,0,{'default': 'St. Louis'},0.5,2,0.5,1,0.5,1,2,-1,6,5,1,0,2,1,1,0,1,20262027,0,0,L,1,"{'default': 'St. Louis Blues', 'fr': 'Blues de St. Louis'}",{'default': 'Blues'},{'default': 'STL'},https://assets.nhle.com/logos/nhl/svg/STL_light.svg,https://assets.nhle.com/logos/nhl/svg/STL_dark.svg,0,13,5,0.5,1
W,8,12,Western,11,12,2026-10-04,C,4,6,Central,6,6,2,2,-1,-0.5,4,3,1.5,2,-1,4,3,1,0,2,1,1,0,1,2,-1,4,3,1,0,2,1,1,0,1,16,22,22,22,1,0,{'default': 'Nashville'},0.5,2,0.5,1,0.5,1,0,0,0,0,0,0,0,0,0,0,0,20262027,0,0,W,1,"{'default': 'Nashville Predators', 'fr': 'Predators de Nashville'}",{'default': 'Predators'},{'default': 'NSH'},https://assets.nhle.com/logos/nhl/svg/NSH_light.svg,https://assets.nhle.com/logos/nhl/svg/NSH_dark.svg,0,12,6,0.5,1
E,5,11,Eastern,14,11,2026-10-04,A,3,5,Atlantic,7,5,2,2,-2,-1.0,9,7,3.5,1,1,3,4,0,0,2,1,1,0,1,2,-2,9,7,1,0,2,1,1,0,1,10,23,28,23,1,0,{'default': 'Buffalo'},0.5,2,0.5,1,0.5,1,1,-3,6,3,1,0,0,0,0,0,0,20262027,0,0,W,1,"{'default': 'Buffalo Sabres', 'fr': 'Sabres de Buffalo'}",{'default': 'Sabres'},{'default': 'BUF'},https://assets.nhle.com/logos/nhl/svg/BUF_light.svg,https://assets.nhle.com/logos/nhl/svg/BUF_dark.svg,0,11,5,0.5,1
E,4,12,Eastern,15,12,2026-10-04,A,2,6,Atlantic,8,6,2,2,-2,-1.0,6,4,2.0,1,2,1,3,0,0,2,1,1,0,1,2,-2,6,4,1,0,2,1,1,0,1,9,24,30,24,1,0,{'default': 'Tampa Bay'},0.5,2,0.5,1,0.5,1,1,-4,5,1,1,0,0,0,0,0,0,20262027,0,0,W,1,"{'default': 'Tampa Bay Lightning', 'fr': 'Lightning de Tampa Bay'}",{'default': 'Lightning'},{'default': 'TBL'},https://assets.nhle.com/logos/nhl/svg/TBL_light.svg,https://assets.nhle.com/logos/nhl/svg/TBL_dark.svg,0,10,6,0.5,1
E,7,13,Eastern,16,13,2026-10-04,M,4,7,Metropolitan,8,7,2,2,-5,-2.5,8,3,1.5,1,1,2,3,0,0,2,1,0,0,1,2,-5,8,3,1,0,2,1,0,0,1,12,25,31,25,1,0,{'default': 'New Jersey'},0.5,2,0.5,1,0.0,0,1,-6,6,0,1,0,0,0,0,0,0,20262027,0,0,L,1,"{'default': 'New Jersey Devils', 'fr': 'Devils du New Jersey'}",{'default': 'Devils'},{'default': 'NJD'},https://assets.nhle.com/logos/nhl/svg/NJD_light.svg,https://assets.nhle.com/logos/nhl/svg/NJD_dark.svg,0,9,7,0.5,1
E,9,14,Eastern,12,14,2026-10-04,A,4,7,Atlantic,6,7,2,3,-1,-0.333333,7,6,2.0,3,-1,7,6,2,0,2,1,1,0,1,3,-1,7,6,2,0,2,1,1,0,1,17,26,24,26,2,0,{'default': 'Toronto'},0.333333,2,0.333333,1,0.333333,1,0,0,0,0,0,0,0,0,0,0,0,20262027,0,0,L,1,"{'default': 'Toronto Maple Leafs', 'fr': 'Maple Leafs de Toronto'}",{'default': 'Maple Leafs'},{'default': 'TOR'},https://assets.nhle.com/logos/nhl/svg/TOR_light.svg,https://assets.nhle.com/logos/nhl/svg/TOR_dark.svg,0,7,8,0.333333,1
E,11,15,Eastern,9,15,2026-10-04,M,7,8,Metropolitan,5,8,2,3,-9,-3.0,13,4,1.333333,2,-8,10,2,1,1,1,0,0,0,0,3,-9,13,4,1,2,2,0,0,0,0,20,27,17,27,1,2,"{'default': 'Philadelphia', 'fr': 'Philadelphie'}",0.333333,2,0.0,0,0.0,0,1,-1,3,2,0,1,1,0,0,0,0,20262027,0,0,OT,2,"{'default': 'Philadelphia Flyers', 'fr': 'Flyers de Philadelphie'}",{'default': 'Flyers'},{'default': 'PHI'},https://assets.nhle.com/logos/nhl/svg/PHI_light.svg,https://assets.nhle.com/logos/nhl/svg/PHI_dark.svg,0,6,9,0.0,0
W,12,13,Western,9,13,2026-10-04,P,6,7,Pacific,5,7,2,2,-5,-2.5,13,8,4.0,0,0,0,0,0,0,0,0,0,0,0,2,-5,13,8,1,1,1,0,0,0,0,24,28,18,28,1,1,{'default': 'Los Angeles'},0.25,1,0.0,0,0.0,0,2,-5,13,8,1,1,1,0,0,0,0,20262027,0,0,OT,1,"{'default': 'Los Angeles Kings', 'fr': 'Kings de Los Angeles'}",{'default': 'Kings'},{'default': 'LAK'},https://assets.nhle.com/logos/nhl/svg/LAK_light.svg,https://assets.nhle.com/logos/nhl/svg/LAK_dark.svg,0,5,7,0.0,0
E,16,16,Eastern,11,16,2026-10-04,A,8,8,Atlantic,5,8,2,2,-3,-1.5,5,2,1.0,2,-3,5,2,2,0,0,0,0,0,0,2,-3,5,2,2,0,0,0,0,0,0,32,29,21,29,2,0,{'default': 'Detroit'},0.0,0,0.0,0,0.0,0,0,0,0,0,0,0,0,0,0,0,0,20262027,0,0,L,2,"{'default': 'Detroit Red Wings', 'fr': 'Red Wings de Detroit'}",{'default': 'Red Wings'},{'default': 'DET'},https://assets.nhle.com/logos/nhl/svg/DET_light.svg,https://assets.nhle.com/logos/nhl/svg/DET_dark.svg,0,4,10,0.0,0
W,15,14,Western,14,14,2026-10-04,C,8,7,Central,7,7,2,2,-5,-2.5,6,1,0.5,1,-4,4,0,1,0,0,0,0,0,0,2,-5,6,1,2,0,0,0,0,0,0,30,30,26,30,2,0,{'default': 'Dallas'},0.0,0,0.0,0,0.0,0,1,-1,2,1,1,0,0,0,0,0,0,20262027,0,0,L,2,"{'default': 'Dallas Stars', 'fr': 'Stars de Dallas'}",{'default': 'Stars'},{'default': 'DAL'},https://assets.nhle.com/logos/nhl/svg/DAL_light.svg,https://assets.nhle.com/logos/nhl/svg/DAL_dark.svg,0,3,8,0.0,0
W,16,15,Western,15,15,2026-10-04,P,8,8,Pacific,8,8,2,2,-8,-4.0,10,2,1.0,1,-5,6,1,1,0,0,0,0,0,0,2,-8,10,2,2,0,0,0,0,0,0,31,31,29,31,2,0,{'default': 'Calgary'},0.0,0,0.0,0,0.0,0,1,-3,4,1,1,0,0,0,0,0,0,20262027,0,0,L,2,"{'default': 'Calgary Flames', 'fr': 'Flames de Calgary'}",{'default': 'Flames'},{'default': 'CGY'},https://assets.nhle.com/logos/nhl/svg/CGY_light.svg,https://assets.nhle.com/logos/nhl/svg/CGY_dark.svg,0,1,9,0.0,0
W,11,16,Western,16,16,2026-10-04,C,6,8,Central,8,8,2,3,-10,-3.333333,15,5,1.666667,0,0,0,0,0,0,0,0,0,0,0,3,-10,15,5,3,0,0,0,0,0,0,22,32,32,32,3,0,{'default': 'Chicago'},0.0,0,0.0,0,0.0,0,3,-10,15,5,3,0,0,0,0,0,0,20262027,0,0,L,3,"{'default': 'Chicago Blackhawks', 'fr': 'Blackhawks de Chicago'}",{'default': 'Blackhawks'},{'default': 'CHI'},https://assets.nhle.com/logos/nhl/svg/CHI_light.svg,https://assets.nhle.com/logos/nhl/svg/CHI_dark.svg,0,2,10,0.0,0
